EmailAddress,Password,FirstName,LastName,MI,Address,City,State,ZipCode,Phone,DOB
cbaker@freezing.co.uk,gazing,Christopher,Baker,L,1245 Lake Austin Blvd.,Austin,TX,78733,5125571146,2/7/1991
mb@aool.com,banquet,Michelle,Banks,,1300 Tall Pine Lane,San Antonio,TX,78261,2102678873,6/23/1990
fd@aool.com,666666,Franco,Broccolo,V,62 Browning Rd,Houston,TX,77019,8175659699,5/6/1986
wendy@ggmail.com,clover,Wendy,Chang,L,202 Bellmont Hall,Austin,TX,78713,5125943222,12/21/1964
limchou@yaho.com,austin,Lim,Chou,,1600 Teresa Lane,San Antonio,TX,78266,2107724599,6/14/1950
Dixon@aool.com,mailbox,Shan,Dixon,D,234 Holston Circle,Dallas,TX,75208,2142643255,5/9/1930
louann@ggmail.com,aggies,Lou Ann,Feeley,K,600 S 8th Street W,Houston,TX,77010,8172556749,2/24/1930
tfreeley@minntonka.ci.state.mn.us,raiders,Tesa,Freeley,P,4448 Fairview Ave.,Houston,TX,77009,8173255687,9/1/1935
mgar@aool.com,mustangs,Margaret,Garcia,L,594 Longview,Houston,TX,77003,8176593544,7/3/1990
chaley@thug.com,region,Charles,Haley,E,One Cowboy Pkwy,Dallas,TX,75261,2148475583,9/17/1985
jeff@ggmail.com,hungry,Jeffrey,Hampton,T,337 38th St.,Austin,TX,78705,5126978613,1/23/1995
wjhearniii@umch.edu,logicon,John,Hearn,B,4225 North First,Dallas,TX,75237,2148965621,1/8/1994
hicks43@ggmail.com,doofus,Anthony,Hicks,J,"32 NE Garden Ln., Ste 910",San Antonio,TX,78239,2105788965,10/6/1990
bradsingram@mall.utexas.edu,mother,Brad,Ingram,S,6548 La Posada Ct.,Austin,TX,78736,5124678821,4/12/1984
mother.Ingram@aool.com,whimsical,Todd,Jacobs,L,4564 Elm St.,Austin,TX,78731,5124653365,4/4/1983
victoria@aool.com,nothing,Victoria,Lawrence,M,6639 Butterfly Ln.,Austin,TX,78761,5129457399,2/3/1961
lineback@flush.net,GoodFellow,Erik,Lineback,W,1300 Netherland St,San Antonio,TX,78293,2102449976,9/3/1946
elowe@netscrape.net,impede,Ernest,Lowe,S,3201 Pine Drive,San Antonio,TX,78279,2105344627,2/7/1992
luce_chuck@ggmail.com,LuceyDucey,Chuck,Luce,B,2345 Rolling Clouds,San Antonio,TX,78268,2106983548,10/25/1942
mackcloud@pimpdaddy.com,cloudyday,Jennifer,MacLeod,D,2504 Far West Blvd.,Austin,TX,78731,5124748138,8/6/1965
liz@ggmail.com,emarkbark,Elizabeth,Markham,P,7861 Chevy Chase,Austin,TX,78732,5124579845,4/13/1959
mclarence@aool.com,smartinmartin,Clarence,Martin,A,87 Alcedo St.,Houston,TX,77045,8174955201,1/6/1990
smartinmartin.Martin@aool.com,looter,Gregory,Martinez,R,8295 Sunset Blvd.,Houston,TX,77030,8178746718,10/9/1987
cmiller@mapster.com,chucky33,Charles,Miller,R,8962 Main St.,Houston,TX,77031,8177458615,7/21/1984
nelson.Kelly@aool.com,orange,Kelly,Nelson,T,2601 Red River,Austin,TX,78703,5122926966,7/4/1956
jojoe@ggmail.com,victorious,Joe,Nguyen,C,1249 4th SW St.,Dallas,TX,75238,2143125897,1/29/1963
orielly@foxnets.com,billyboy,Bill,O'Reilly,T,8800 Gringo Drive,San Antonio,TX,78260,2103450925,1/7/1983
or@aool.com,radicalone,Anka,Radkovich,L,1300 Elliott Pl,Dallas,TX,75260,2142345566,3/31/1980
megrhodes@freezing.co.uk,gohorns,Megan,Rhodes,C,4587 Enfield Rd.,Austin,TX,78707,5123744746,8/12/1944
erynrice@aool.com,iloveme,Eryn,Rice,M,3405 Rio Grande,Austin,TX,78705,5123876657,8/2/1934
jorge@hootmail.com,greedy,Jorge,Rodriguez,,6788 Cotter Street,Houston,TX,77057,8178904374,8/11/1989
ra@aoo.com,familiar,Allen,Rogers,B,4965 Oak Hill,Austin,TX,78732,5128752943,8/27/1967
st-jean@home.com,historical,Olivier,Saint-Jean,M,255 Toncray Dr.,San Antonio,TX,78292,2104145678,7/8/1950
ss34@ggmail.com,guiltless,Sarah,Saunders,J,332 Avenue C,Austin,TX,78705,5123497810,10/29/1977
willsheff@email.com,frequent,William,Sewell,T,2365 51st St.,Austin,TX,78709,5124510084,4/21/1941
sheff44@ggmail.com,history,Martin,Sheffield,J,3886 Avenue A,Austin,TX,78705,5125479167,11/10/1937
johnsmith187@aool.com,squirrel,John,Smith,A,23 Hidden Forge Dr.,San Antonio,TX,78280,2108321888,10/26/1954
dustroud@mail.com,snakes,Dustin,Stroud,P,1212 Rita Rd,Dallas,TX,75221,2142346667,9/1/1932
ericstuart@aool.com,landus,Eric,Stuart,D,5576 Toro Ring,Austin,TX,78746,5128178335,12/28/1930
peterstump@hootmail.com,rhythm,Peter,Stump,L,1300 Kellen Circle,Houston,TX,77018,8174560903,8/13/1989
tanner@ggmail.com,kindly,Jeremy,Tanner,S,4347 Almstead,Houston,TX,77044,8174590929,5/21/1982
taylordjay@aool.com,instrument,Allison,Taylor,R,467 Nueces St.,Austin,TX,78705,5124748452,1/8/1960
TayTaylor@aool.com,arched,Rachel,Taylor,K,345 Longview Dr.,Austin,TX,78705,5124512631,7/27/1975
teefrank@hootmail.com,median,Frank,Tee,J,5590 Lavell Dr,Houston,TX,77004,8178765543,4/6/1968
tuck33@ggmail.com,approval,Clent,Tucker,J,312 Main St.,Dallas,TX,75315,2148471154,5/19/1978
avelasco@yaho.com,decorate,Allen,Velasco,G,679 W. 4th,Dallas,TX,75207,2143985638,10/6/1963
westj@pioneer.net,grover,Jake,West,T,RR 3287,Dallas,TX,75323,2148475244,10/14/1993
louielouie@aool.com,sturdy,Louis,Winthorpe,L,2500 Padre Blvd,Dallas,TX,75220,2145650098,5/31/1952
rwood@voyager.net,decorous,Reagan,Wood,B,447 Westlake Dr.,Austin,TX,78746,5124545242,4/24/1992
dman@wdwebsolutions.com,nasus123,Derek,Dreibrodt,,423 Brentwood Dr,Austin,TX,78705,5556409287,1/1/2001
jman@outlook.com,pres4baseball,Jacob,Foster,,700 Fancy St,Austin,TX,78705,5558471234,9/1/2000
